{
    "auth": {
        "plugins": {
            "awsCognitoAuthPlugin": {
                "IdentityManager": {
                    "Default": {}
                },
                "CognitoUserPool": {
                    "Default": {
                        "PoolId": "ap-northeast-1_1JEfrmQVB",
                        "AppClientId": "7b9ufkej6erpkls827rta6ji25",
                        "Region": "ap-northeast-1"
                    }
                },
                "Auth": {
                    "Default": {
                        "authenticationFlowType": "ALLOW_USER_PASSWORD_AUTH",
                        "OAuth": {
                            "WebDomain": "https://ap-northeast-1jefrmqvb.auth.ap-northeast-1.amazoncognito.com",
                            "AppClientId": "7b9ufkej6erpkls827rta6ji25",
                            "SignInRedirectURI": "",
                            "SignOutRedirectURI": "",
                            "Scopes": [ 
                                "phone",
                                "email",
                                "openid",
                                "profile",
                                "aws.cognito.signin.user.admin"
                            ]
                        }
                    }
                }
            }
        }
    }
}
